-- MUSCLES
INSERT INTO muscles (id, name, slug, body_region) VALUES
('019efb47-586a-76bd-8363-3fe3ef4de262', 'Erector Spinae', 'lower-back-erectors', 'BACK'),
('019efb47-586a-76bd-8364-3f53e7c581a5', 'Hip Flexors', 'hip-flexor', 'LEGS'),
('019efb47-586a-76bd-8365-507da6917962', 'Clavicular Pectoralis Major', 'chest-upper', 'CHEST'),
('019efb47-586a-76bd-8366-2617a3e7a578', 'Biceps Brachii', 'biceps', 'ARMS'),
('019efb47-586a-76bd-8367-231e3121a597', 'Lateral Deltoid', 'shoulder-side', 'SHOULDERS'),
('019efb47-586b-76a1-a9ce-f7714da67606', 'Triceps Lateral Head', 'triceps-lateral', 'ARMS'),
('019efb47-586b-76a1-a9cf-29f34baf5a8f', 'Medial Hamstrings', 'hamstrings-medial', 'LEGS'),
('019efb47-586b-76a1-a9d0-73ef1be4eddf', 'Mid Trapezius', 'traps-mid', 'SHOULDERS'),
('019efb47-586b-76a1-a9d1-972b38f6e8b3', 'Head', 'head', 'OTHER'),
('019efb47-586b-76a1-a9d2-a0c68ec8ca75', 'Posterior Deltoid', 'deltoid-rear', 'SHOULDERS'),
('019efb47-586b-76a1-a9d3-6309d305de2b', 'Upper Trapezius', 'traps-upper', 'SHOULDERS'),
('019efb47-586b-76a1-a9d4-c8e8dfa297ce', 'Triceps Long Head', 'triceps-long', 'ARMS'),
('019efb47-586b-76a1-a9d5-4d2d6c43157f', 'Quadriceps', 'quads', 'LEGS'),
('019efb47-586b-76a1-a9d6-ed071f54b0a4', 'Tibialis Anterior', 'tibialis-anterior', 'LEGS'),
('019efb47-586b-76a1-a9d7-950f4243fdd2', 'Quadratus Lumborum', 'lower-back-ql', 'BACK'),
('019efb47-586b-76a1-a9d8-087317eee485', 'Gluteus Medius', 'gluteus-medius', 'BACK'),
('019efb47-586b-76a1-a9d9-fcb212fa02c7', 'Anterior Deltoid', 'shoulder-front', 'SHOULDERS'),
('019efb47-586b-76a1-a9da-04cf7af24687', 'Lateral Hamstrings', 'hamstrings-lateral', 'LEGS'),
('019efb47-586b-76a1-a9db-e358193f51da', 'Mid Latissimus Dorsi', 'lats-mid', 'BACK'),
('019efb47-586b-76a1-a9dc-1a75bc901810', 'Gluteus Maximus', 'gluteus-maximus', 'BACK'),
('019efb47-586b-76a1-a9dd-9721be16c953', 'Forearm Flexors', 'forearm-flexors', 'ARMS'),
('019efb47-586b-76a1-a9de-c794935b53f0', 'Upper Latissimus Dorsi', 'lats-upper', 'BACK'),
('019efb47-586b-76a1-a9df-728d4c435897', 'Lower Latissimus Dorsi', 'lats-lower', 'BACK'),
('019efb47-586b-76a1-a9e0-f8748e057a4c', 'Neck', 'neck', 'OTHER'),
('019efb47-586b-76a1-a9e1-5f162b2c4cd1', 'Forearm Extensors', 'forearm-extensors', 'ARMS'),
('019efb47-586b-76a1-a9e2-881c5a2bf5da', 'Lower Trapezius', 'traps-lower', 'SHOULDERS'),
('019efb47-586b-76a1-a9e3-6aa01c6d1882', 'Gastrocnemius Medial', 'calves-gastroc-medial', 'LEGS'),
('019efb47-586b-76a1-a9e4-bff78389daf0', 'Nape', 'nape', 'OTHER'),
('019efb47-586b-76a1-a9e5-ac0270c56b44', 'Face', 'face', 'OTHER'),
('019efb47-586b-76a1-a9e6-b49b429e644d', 'Upper Rectus Abdominis', 'abs-upper', 'CORE'),
('019efb47-586b-76a1-a9e7-ad496e1b5004', 'Lower Rectus Abdominis', 'abs-lower', 'CORE'),
('019efb47-586b-76a1-a9e8-ee0e6b979d05', 'External Oblique', 'obliques', 'CORE'),
('019efb47-586b-76a1-a9e9-b74b661527c1', 'Serratus Anterior', 'serratus-anterior', 'CORE'),
('019efb47-586b-76a1-a9ea-d3140f8e4ccb', 'Sternal Pectoralis Major', 'chest-lower', 'CHEST'),
('019efb47-586b-76a1-a9eb-815e8066ecf1', 'Soleus', 'calves-soleus', 'LEGS'),
('019efb47-586b-76a1-a9ec-c6629078cc00', 'Gastrocnemius Lateral', 'calves-gastroc-lateral', 'LEGS'),
('019efb47-586b-76a1-a9ed-6ca63fbdc9ec', 'Adductors', 'adductors', 'LEGS');

-- EXERCISES
INSERT INTO exercises (id, name, slug, description, category, difficulty) VALUES
('019efb47-586b-76a1-a9ee-9a187f7888a1', 'Seated Cable Row', 'seated-cable-row', 'Controlled rowing movement for mid-back development.', 'STRENGTH', 'BEGINNER'),
('019efb47-586b-76a1-a9ef-114af4aa0f89', 'Pike Push Up', 'pike-push-up', 'Bodyweight shoulder-focused pressing movement.', 'STRENGTH', 'INTERMEDIATE'),
('019efb47-586b-76a1-a9f0-14a497203ee0', 'Hanging Leg Raise', 'hanging-leg-raise', 'Advanced abdominal exercise targeting lower abs.', 'STRENGTH', 'ADVANCED'),
('019efb47-586b-76a1-a9f1-b9f32309771a', 'Lateral Raises', 'lateral-raises', 'Isolation movement for lateral deltoid development.', 'STRENGTH', 'BEGINNER'),
('019efb47-586b-76a1-a9f2-864b79efee49', 'Leg Press', 'leg-press', 'Machine-based lower body pressing movement.', 'STRENGTH', 'BEGINNER'),
('019efb47-586b-76a1-a9f3-3ea56e58133e', 'Calf Raises', 'calf-raises', 'Isolation exercise for calf muscle development.', 'STRENGTH', 'BEGINNER'),
('019efb47-586b-76a1-a9f4-90e28abe1227', 'Side Plank', 'side-plank', 'Core stability exercise targeting obliques.', 'STRENGTH', 'BEGINNER'),
('019efb47-586b-76a1-a9f5-69a0fbe42fe7', 'Crunch', 'crunch', 'Basic abdominal flexion exercise.', 'STRENGTH', 'BEGINNER'),
('019efb47-586b-76a1-a9f6-491f0fa75868', 'Incline Bench Press', 'incline-bench-press', 'Bench press variation targeting upper chest.', 'STRENGTH', 'INTERMEDIATE'),
('019efb47-586b-76a1-a9f7-699d2ebbacde', 'Incline Push Up', 'incline-push-up', 'Easier variation of push up with elevated hands reducing load.', 'STRENGTH', 'BEGINNER'),
('019efb47-586c-7dca-ae7d-20f082f792f2', 'Pull Up', 'pull-up', 'Bodyweight pulling exercise targeting lats and biceps.', 'STRENGTH', 'INTERMEDIATE'),
('019efb47-586c-7dca-ae7e-b6e6166322ac', 'Romanian Deadlift', 'romanian-deadlift', 'Hip hinge movement targeting hamstrings and glutes.', 'STRENGTH', 'INTERMEDIATE'),
('019efb47-586c-7dca-ae7f-49397bd7e6fd', 'Bicycle Crunch', 'bicycle-crunch', 'Dynamic core exercise targeting abs and obliques.', 'STRENGTH', 'BEGINNER'),
('019efb47-586c-7dca-ae80-828636ef58a1', 'Push Up', 'push-up', 'Bodyweight push exercise targeting chest, shoulders, and triceps.', 'STRENGTH', 'BEGINNER'),
('019efb47-586c-7dca-ae81-f7cc6c25d9c4', 'Bent Over Row', 'bent-over-row', 'Horizontal pulling movement for back thickness.', 'STRENGTH', 'INTERMEDIATE'),
('019efb47-586c-7dca-ae82-e6226034767f', 'Face Pull', 'face-pull', 'Cable exercise for rear delts and shoulder stability.', 'STRENGTH', 'INTERMEDIATE'),
('019efb47-586c-7dca-ae83-d7d163bb1568', 'Bench Press', 'bench-press', 'Compound chest exercise using barbell on a bench.', 'STRENGTH', 'INTERMEDIATE'),
('019efb47-586c-7dca-ae84-f459fd18146c', 'Plank', 'plank', 'Isometric core stability exercise.', 'STRENGTH', 'BEGINNER'),
('019efb47-586c-7dca-ae85-cc8d740280f2', 'Decline Push Up', 'decline-push-up', 'Advanced push up variation with feet elevated increasing load on upper chest.', 'STRENGTH', 'INTERMEDIATE'),
('019efb47-586c-7dca-ae86-088e612e53da', 'Dumbbell Shoulder Press', 'dumbbell-shoulder-press', 'Seated or standing dumbbell pressing for shoulders.', 'STRENGTH', 'BEGINNER'),
('019efb47-586c-7dca-ae87-9759a5d1fc88', 'Overhead Press', 'overhead-press', 'Vertical pressing movement for shoulders and triceps.', 'STRENGTH', 'INTERMEDIATE'),
('019efb47-586c-7dca-ae88-94266b237890', 'Ab Wheel Rollout', 'ab-wheel-rollout', 'Advanced core stability and anti-extension exercise.', 'STRENGTH', 'ADVANCED'),
('019efb47-586c-7dca-ae89-52af5294a1a7', 'Front Raises', 'front-raises', 'Isolation movement targeting anterior deltoids.', 'STRENGTH', 'BEGINNER'),
('019efb47-586c-7dca-ae8a-acd0c7d1d579', 'Deadlift', 'deadlift', 'Full body compound lift focusing on posterior chain strength.', 'STRENGTH', 'ADVANCED'),
('019efb47-586c-7dca-ae8b-c07e28c911b8', 'Russian Twist', 'russian-twist', 'Rotational core exercise targeting obliques.', 'STRENGTH', 'BEGINNER'),
('019efb47-586c-7dca-ae8c-1b4f1860b0c0', 'Front Squat', 'front-squat', 'Squat variation with barbell in front rack position emphasizing quads.', 'STRENGTH', 'INTERMEDIATE'),
('019efb47-586c-7dca-ae8d-16ebb9217e60', 'Lat Pulldown', 'lat-pulldown', 'Machine-based vertical pulling exercise for lat development.', 'STRENGTH', 'BEGINNER'),
('019efb47-586c-7dca-ae8e-5c5616b3a48e', 'Dumbbell Fly', 'dumbbell-fly', 'Isolation chest exercise focusing on muscle stretch and contraction.', 'STRENGTH', 'BEGINNER'),
('019efb47-586c-7dca-ae8f-28ebba5526dc', 'Chin Up', 'chin-up', 'Pull up variation with supinated grip focusing more on biceps.', 'STRENGTH', 'INTERMEDIATE'),
('019efb47-586c-7dca-ae90-afe9be4a8b5b', 'Squat', 'squat', 'Fundamental lower body compound movement.', 'STRENGTH', 'BEGINNER'),
('019efb47-586c-7dca-ae91-eaafc36d545f', 'Lunges', 'lunges', 'Unilateral leg exercise improving balance and strength.', 'STRENGTH', 'BEGINNER'),
('019efb47-586c-7dca-ae92-3b6db88cf24b', 'Bulgarian Split Squat', 'bulgarian-split-squat', 'Elevated rear foot split squat increasing single-leg strength demand.', 'STRENGTH', 'INTERMEDIATE');

-- EXERCISE MUSCLES
INSERT INTO exercise_muscles (exercise_id, muscle_id, impact_level) VALUES
('019efb47-586b-76a1-a9ee-9a187f7888a1', '019efb47-586b-76a1-a9db-e358193f51da', 'PRIMARY'),
('019efb47-586b-76a1-a9ee-9a187f7888a1', '019efb47-586b-76a1-a9df-728d4c435897', 'PRIMARY'),
('019efb47-586b-76a1-a9ee-9a187f7888a1', '019efb47-586a-76bd-8366-2617a3e7a578', 'SECONDARY'),
('019efb47-586b-76a1-a9ee-9a187f7888a1', '019efb47-586b-76a1-a9d0-73ef1be4eddf', 'SECONDARY'),
('019efb47-586b-76a1-a9ee-9a187f7888a1', '019efb47-586a-76bd-8363-3fe3ef4de262', 'STABILIZER'),
('019efb47-586b-76a1-a9ef-114af4aa0f89', '019efb47-586b-76a1-a9d9-fcb212fa02c7', 'PRIMARY'),
('019efb47-586b-76a1-a9ef-114af4aa0f89', '019efb47-586b-76a1-a9d4-c8e8dfa297ce', 'SECONDARY'),
('019efb47-586b-76a1-a9ef-114af4aa0f89', '019efb47-586b-76a1-a9ce-f7714da67606', 'SECONDARY'),
('019efb47-586b-76a1-a9f0-14a497203ee0', '019efb47-586b-76a1-a9e7-ad496e1b5004', 'PRIMARY'),
('019efb47-586b-76a1-a9f0-14a497203ee0', '019efb47-586a-76bd-8364-3f53e7c581a5', 'SECONDARY'),
('019efb47-586b-76a1-a9f0-14a497203ee0', '019efb47-586b-76a1-a9dd-9721be16c953', 'STABILIZER'),
('019efb47-586b-76a1-a9f1-b9f32309771a', '019efb47-586a-76bd-8367-231e3121a597', 'PRIMARY'),
('019efb47-586b-76a1-a9f1-b9f32309771a', '019efb47-586b-76a1-a9d9-fcb212fa02c7', 'STABILIZER'),
('019efb47-586b-76a1-a9f1-b9f32309771a', '019efb47-586b-76a1-a9d3-6309d305de2b', 'STABILIZER'),
('019efb47-586b-76a1-a9f2-864b79efee49', '019efb47-586b-76a1-a9d5-4d2d6c43157f', 'PRIMARY'),
('019efb47-586b-76a1-a9f2-864b79efee49', '019efb47-586b-76a1-a9dc-1a75bc901810', 'SECONDARY'),
('019efb47-586b-76a1-a9f2-864b79efee49', '019efb47-586b-76a1-a9ed-6ca63fbdc9ec', 'SECONDARY'),
('019efb47-586b-76a1-a9f3-3ea56e58133e', '019efb47-586b-76a1-a9e3-6aa01c6d1882', 'PRIMARY'),
('019efb47-586b-76a1-a9f3-3ea56e58133e', '019efb47-586b-76a1-a9ec-c6629078cc00', 'PRIMARY'),
('019efb47-586b-76a1-a9f3-3ea56e58133e', '019efb47-586b-76a1-a9eb-815e8066ecf1', 'SECONDARY'),
('019efb47-586b-76a1-a9f3-3ea56e58133e', '019efb47-586b-76a1-a9d6-ed071f54b0a4', 'STABILIZER'),
('019efb47-586b-76a1-a9f4-90e28abe1227', '019efb47-586b-76a1-a9e8-ee0e6b979d05', 'PRIMARY'),
('019efb47-586b-76a1-a9f4-90e28abe1227', '019efb47-586b-76a1-a9e9-b74b661527c1', 'STABILIZER'),
('019efb47-586b-76a1-a9f4-90e28abe1227', '019efb47-586b-76a1-a9d8-087317eee485', 'STABILIZER'),
('019efb47-586b-76a1-a9f5-69a0fbe42fe7', '019efb47-586b-76a1-a9e6-b49b429e644d', 'PRIMARY'),
('019efb47-586b-76a1-a9f6-491f0fa75868', '019efb47-586a-76bd-8365-507da6917962', 'PRIMARY'),
('019efb47-586b-76a1-a9f6-491f0fa75868', '019efb47-586b-76a1-a9d4-c8e8dfa297ce', 'SECONDARY'),
('019efb47-586b-76a1-a9f6-491f0fa75868', '019efb47-586b-76a1-a9ce-f7714da67606', 'SECONDARY'),
('019efb47-586b-76a1-a9f6-491f0fa75868', '019efb47-586b-76a1-a9d9-fcb212fa02c7', 'SECONDARY'),
('019efb47-586b-76a1-a9f7-699d2ebbacde', '019efb47-586b-76a1-a9ea-d3140f8e4ccb', 'PRIMARY'),
('019efb47-586b-76a1-a9f7-699d2ebbacde', '019efb47-586b-76a1-a9d4-c8e8dfa297ce', 'SECONDARY'),
('019efb47-586b-76a1-a9f7-699d2ebbacde', '019efb47-586b-76a1-a9ce-f7714da67606', 'SECONDARY'),
('019efb47-586b-76a1-a9f7-699d2ebbacde', '019efb47-586b-76a1-a9d9-fcb212fa02c7', 'SECONDARY'),
('019efb47-586c-7dca-ae7d-20f082f792f2', '019efb47-586b-76a1-a9de-c794935b53f0', 'PRIMARY'),
('019efb47-586c-7dca-ae7d-20f082f792f2', '019efb47-586b-76a1-a9db-e358193f51da', 'PRIMARY'),
('019efb47-586c-7dca-ae7d-20f082f792f2', '019efb47-586a-76bd-8366-2617a3e7a578', 'SECONDARY'),
('019efb47-586c-7dca-ae7d-20f082f792f2', '019efb47-586b-76a1-a9df-728d4c435897', 'SECONDARY'),
('019efb47-586c-7dca-ae7d-20f082f792f2', '019efb47-586b-76a1-a9dd-9721be16c953', 'STABILIZER'),
('019efb47-586c-7dca-ae7e-b6e6166322ac', '019efb47-586b-76a1-a9cf-29f34baf5a8f', 'PRIMARY'),
('019efb47-586c-7dca-ae7e-b6e6166322ac', '019efb47-586b-76a1-a9da-04cf7af24687', 'PRIMARY'),
('019efb47-586c-7dca-ae7e-b6e6166322ac', '019efb47-586b-76a1-a9dc-1a75bc901810', 'PRIMARY'),
('019efb47-586c-7dca-ae7e-b6e6166322ac', '019efb47-586a-76bd-8363-3fe3ef4de262', 'SECONDARY'),
('019efb47-586c-7dca-ae7e-b6e6166322ac', '019efb47-586b-76a1-a9ed-6ca63fbdc9ec', 'STABILIZER'),
('019efb47-586c-7dca-ae7e-b6e6166322ac', '019efb47-586b-76a1-a9d7-950f4243fdd2', 'STABILIZER'),
('019efb47-586c-7dca-ae7f-49397bd7e6fd', '019efb47-586b-76a1-a9e8-ee0e6b979d05', 'PRIMARY'),
('019efb47-586c-7dca-ae7f-49397bd7e6fd', '019efb47-586b-76a1-a9e6-b49b429e644d', 'SECONDARY'),
('019efb47-586c-7dca-ae80-828636ef58a1', '019efb47-586a-76bd-8365-507da6917962', 'PRIMARY'),
('019efb47-586c-7dca-ae80-828636ef58a1', '019efb47-586b-76a1-a9ea-d3140f8e4ccb', 'PRIMARY'),
('019efb47-586c-7dca-ae80-828636ef58a1', '019efb47-586b-76a1-a9d4-c8e8dfa297ce', 'SECONDARY'),
('019efb47-586c-7dca-ae80-828636ef58a1', '019efb47-586b-76a1-a9ce-f7714da67606', 'SECONDARY'),
('019efb47-586c-7dca-ae80-828636ef58a1', '019efb47-586b-76a1-a9d9-fcb212fa02c7', 'SECONDARY'),
('019efb47-586c-7dca-ae80-828636ef58a1', '019efb47-586b-76a1-a9e9-b74b661527c1', 'STABILIZER'),
('019efb47-586c-7dca-ae81-f7cc6c25d9c4', '019efb47-586b-76a1-a9db-e358193f51da', 'PRIMARY'),
('019efb47-586c-7dca-ae81-f7cc6c25d9c4', '019efb47-586b-76a1-a9df-728d4c435897', 'PRIMARY'),
('019efb47-586c-7dca-ae81-f7cc6c25d9c4', '019efb47-586a-76bd-8366-2617a3e7a578', 'SECONDARY'),
('019efb47-586c-7dca-ae81-f7cc6c25d9c4', '019efb47-586b-76a1-a9d0-73ef1be4eddf', 'SECONDARY'),
('019efb47-586c-7dca-ae81-f7cc6c25d9c4', '019efb47-586b-76a1-a9e2-881c5a2bf5da', 'SECONDARY'),
('019efb47-586c-7dca-ae81-f7cc6c25d9c4', '019efb47-586a-76bd-8363-3fe3ef4de262', 'STABILIZER'),
('019efb47-586c-7dca-ae81-f7cc6c25d9c4', '019efb47-586b-76a1-a9dd-9721be16c953', 'STABILIZER'),
('019efb47-586c-7dca-ae82-e6226034767f', '019efb47-586b-76a1-a9d2-a0c68ec8ca75', 'PRIMARY'),
('019efb47-586c-7dca-ae82-e6226034767f', '019efb47-586b-76a1-a9d0-73ef1be4eddf', 'SECONDARY'),
('019efb47-586c-7dca-ae82-e6226034767f', '019efb47-586b-76a1-a9e2-881c5a2bf5da', 'SECONDARY'),
('019efb47-586c-7dca-ae82-e6226034767f', '019efb47-586a-76bd-8367-231e3121a597', 'STABILIZER'),
('019efb47-586c-7dca-ae83-d7d163bb1568', '019efb47-586b-76a1-a9ea-d3140f8e4ccb', 'PRIMARY'),
('019efb47-586c-7dca-ae83-d7d163bb1568', '019efb47-586b-76a1-a9d4-c8e8dfa297ce', 'SECONDARY'),
('019efb47-586c-7dca-ae83-d7d163bb1568', '019efb47-586b-76a1-a9ce-f7714da67606', 'SECONDARY'),
('019efb47-586c-7dca-ae83-d7d163bb1568', '019efb47-586b-76a1-a9d9-fcb212fa02c7', 'SECONDARY'),
('019efb47-586c-7dca-ae84-f459fd18146c', '019efb47-586b-76a1-a9e6-b49b429e644d', 'PRIMARY'),
('019efb47-586c-7dca-ae84-f459fd18146c', '019efb47-586b-76a1-a9e7-ad496e1b5004', 'PRIMARY'),
('019efb47-586c-7dca-ae84-f459fd18146c', '019efb47-586b-76a1-a9e9-b74b661527c1', 'STABILIZER'),
('019efb47-586c-7dca-ae84-f459fd18146c', '019efb47-586a-76bd-8363-3fe3ef4de262', 'STABILIZER'),
('019efb47-586c-7dca-ae85-cc8d740280f2', '019efb47-586a-76bd-8365-507da6917962', 'PRIMARY'),
('019efb47-586c-7dca-ae85-cc8d740280f2', '019efb47-586b-76a1-a9d4-c8e8dfa297ce', 'SECONDARY'),
('019efb47-586c-7dca-ae85-cc8d740280f2', '019efb47-586b-76a1-a9ce-f7714da67606', 'SECONDARY'),
('019efb47-586c-7dca-ae85-cc8d740280f2', '019efb47-586b-76a1-a9d9-fcb212fa02c7', 'SECONDARY'),
('019efb47-586c-7dca-ae85-cc8d740280f2', '019efb47-586b-76a1-a9e9-b74b661527c1', 'STABILIZER'),
('019efb47-586c-7dca-ae86-088e612e53da', '019efb47-586b-76a1-a9d9-fcb212fa02c7', 'PRIMARY'),
('019efb47-586c-7dca-ae86-088e612e53da', '019efb47-586b-76a1-a9d4-c8e8dfa297ce', 'SECONDARY'),
('019efb47-586c-7dca-ae86-088e612e53da', '019efb47-586b-76a1-a9ce-f7714da67606', 'SECONDARY'),
('019efb47-586c-7dca-ae87-9759a5d1fc88', '019efb47-586b-76a1-a9d9-fcb212fa02c7', 'PRIMARY'),
('019efb47-586c-7dca-ae87-9759a5d1fc88', '019efb47-586b-76a1-a9d4-c8e8dfa297ce', 'SECONDARY'),
('019efb47-586c-7dca-ae87-9759a5d1fc88', '019efb47-586b-76a1-a9ce-f7714da67606', 'SECONDARY'),
('019efb47-586c-7dca-ae87-9759a5d1fc88', '019efb47-586b-76a1-a9e9-b74b661527c1', 'STABILIZER'),
('019efb47-586c-7dca-ae87-9759a5d1fc88', '019efb47-586b-76a1-a9d3-6309d305de2b', 'STABILIZER'),
('019efb47-586c-7dca-ae88-94266b237890', '019efb47-586b-76a1-a9e6-b49b429e644d', 'PRIMARY'),
('019efb47-586c-7dca-ae88-94266b237890', '019efb47-586b-76a1-a9e7-ad496e1b5004', 'PRIMARY'),
('019efb47-586c-7dca-ae88-94266b237890', '019efb47-586a-76bd-8363-3fe3ef4de262', 'STABILIZER'),
('019efb47-586c-7dca-ae88-94266b237890', '019efb47-586b-76a1-a9e9-b74b661527c1', 'STABILIZER'),
('019efb47-586c-7dca-ae89-52af5294a1a7', '019efb47-586b-76a1-a9d9-fcb212fa02c7', 'PRIMARY'),
('019efb47-586c-7dca-ae8a-acd0c7d1d579', '019efb47-586a-76bd-8363-3fe3ef4de262', 'PRIMARY'),
('019efb47-586c-7dca-ae8a-acd0c7d1d579', '019efb47-586b-76a1-a9dc-1a75bc901810', 'PRIMARY'),
('019efb47-586c-7dca-ae8a-acd0c7d1d579', '019efb47-586b-76a1-a9cf-29f34baf5a8f', 'SECONDARY'),
('019efb47-586c-7dca-ae8a-acd0c7d1d579', '019efb47-586b-76a1-a9da-04cf7af24687', 'SECONDARY'),
('019efb47-586c-7dca-ae8a-acd0c7d1d579', '019efb47-586b-76a1-a9d3-6309d305de2b', 'SECONDARY'),
('019efb47-586c-7dca-ae8a-acd0c7d1d579', '019efb47-586b-76a1-a9d0-73ef1be4eddf', 'SECONDARY'),
('019efb47-586c-7dca-ae8a-acd0c7d1d579', '019efb47-586b-76a1-a9dd-9721be16c953', 'STABILIZER'),
('019efb47-586c-7dca-ae8a-acd0c7d1d579', '019efb47-586b-76a1-a9ed-6ca63fbdc9ec', 'STABILIZER'),
('019efb47-586c-7dca-ae8a-acd0c7d1d579', '019efb47-586b-76a1-a9d7-950f4243fdd2', 'STABILIZER'),
('019efb47-586c-7dca-ae8b-c07e28c911b8', '019efb47-586b-76a1-a9e8-ee0e6b979d05', 'PRIMARY'),
('019efb47-586c-7dca-ae8b-c07e28c911b8', '019efb47-586b-76a1-a9e6-b49b429e644d', 'STABILIZER'),
('019efb47-586c-7dca-ae8c-1b4f1860b0c0', '019efb47-586b-76a1-a9d5-4d2d6c43157f', 'PRIMARY'),
('019efb47-586c-7dca-ae8c-1b4f1860b0c0', '019efb47-586b-76a1-a9dc-1a75bc901810', 'SECONDARY'),
('019efb47-586c-7dca-ae8c-1b4f1860b0c0', '019efb47-586b-76a1-a9ed-6ca63fbdc9ec', 'SECONDARY'),
('019efb47-586c-7dca-ae8c-1b4f1860b0c0', '019efb47-586a-76bd-8363-3fe3ef4de262', 'STABILIZER'),
('019efb47-586c-7dca-ae8d-16ebb9217e60', '019efb47-586b-76a1-a9de-c794935b53f0', 'PRIMARY'),
('019efb47-586c-7dca-ae8d-16ebb9217e60', '019efb47-586b-76a1-a9db-e358193f51da', 'PRIMARY'),
('019efb47-586c-7dca-ae8d-16ebb9217e60', '019efb47-586a-76bd-8366-2617a3e7a578', 'SECONDARY'),
('019efb47-586c-7dca-ae8d-16ebb9217e60', '019efb47-586b-76a1-a9df-728d4c435897', 'SECONDARY'),
('019efb47-586c-7dca-ae8d-16ebb9217e60', '019efb47-586b-76a1-a9dd-9721be16c953', 'STABILIZER'),
('019efb47-586c-7dca-ae8e-5c5616b3a48e', '019efb47-586a-76bd-8365-507da6917962', 'PRIMARY'),
('019efb47-586c-7dca-ae8e-5c5616b3a48e', '019efb47-586b-76a1-a9ea-d3140f8e4ccb', 'PRIMARY'),
('019efb47-586c-7dca-ae8f-28ebba5526dc', '019efb47-586a-76bd-8366-2617a3e7a578', 'PRIMARY'),
('019efb47-586c-7dca-ae8f-28ebba5526dc', '019efb47-586b-76a1-a9de-c794935b53f0', 'PRIMARY'),
('019efb47-586c-7dca-ae8f-28ebba5526dc', '019efb47-586b-76a1-a9db-e358193f51da', 'SECONDARY'),
('019efb47-586c-7dca-ae8f-28ebba5526dc', '019efb47-586b-76a1-a9df-728d4c435897', 'SECONDARY'),
('019efb47-586c-7dca-ae8f-28ebba5526dc', '019efb47-586b-76a1-a9dd-9721be16c953', 'STABILIZER'),
('019efb47-586c-7dca-ae90-afe9be4a8b5b', '019efb47-586b-76a1-a9d5-4d2d6c43157f', 'PRIMARY'),
('019efb47-586c-7dca-ae90-afe9be4a8b5b', '019efb47-586b-76a1-a9dc-1a75bc901810', 'SECONDARY'),
('019efb47-586c-7dca-ae90-afe9be4a8b5b', '019efb47-586b-76a1-a9ed-6ca63fbdc9ec', 'SECONDARY'),
('019efb47-586c-7dca-ae90-afe9be4a8b5b', '019efb47-586a-76bd-8363-3fe3ef4de262', 'STABILIZER'),
('019efb47-586c-7dca-ae90-afe9be4a8b5b', '019efb47-586b-76a1-a9d6-ed071f54b0a4', 'STABILIZER'),
('019efb47-586c-7dca-ae91-eaafc36d545f', '019efb47-586b-76a1-a9d5-4d2d6c43157f', 'PRIMARY'),
('019efb47-586c-7dca-ae91-eaafc36d545f', '019efb47-586b-76a1-a9dc-1a75bc901810', 'SECONDARY'),
('019efb47-586c-7dca-ae91-eaafc36d545f', '019efb47-586b-76a1-a9ed-6ca63fbdc9ec', 'SECONDARY'),
('019efb47-586c-7dca-ae92-3b6db88cf24b', '019efb47-586b-76a1-a9d5-4d2d6c43157f', 'PRIMARY'),
('019efb47-586c-7dca-ae92-3b6db88cf24b', '019efb47-586b-76a1-a9dc-1a75bc901810', 'PRIMARY'),
('019efb47-586c-7dca-ae92-3b6db88cf24b', '019efb47-586b-76a1-a9cf-29f34baf5a8f', 'SECONDARY'),
('019efb47-586c-7dca-ae92-3b6db88cf24b', '019efb47-586b-76a1-a9da-04cf7af24687', 'SECONDARY'),
('019efb47-586c-7dca-ae92-3b6db88cf24b', '019efb47-586b-76a1-a9d8-087317eee485', 'STABILIZER');

